path;hash;url;size
image_part_039.png;QmZJT36dzvogkwQs2QSMjpnQqTPRK2j6Gta74FdpNuZuaY;https://ipfs.io/ipfs/QmZJT36dzvogkwQs2QSMjpnQqTPRK2j6Gta74FdpNuZuaY;295795
image_part_024.png;QmWx1nkACWPNSU6TdaGMix8rnstM9tZYYYAC7p4Y45anVh;https://ipfs.io/ipfs/QmWx1nkACWPNSU6TdaGMix8rnstM9tZYYYAC7p4Y45anVh;112427
image_part_038.png;QmaKKJLfBPbhXpre3Sysf6vTaRyuXL9XBXo8ALYckijKkB;https://ipfs.io/ipfs/QmaKKJLfBPbhXpre3Sysf6vTaRyuXL9XBXo8ALYckijKkB;218540
image_part_037.png;QmShcu2arnVdqnZC83DjC77Fw7t898VMF6ctJq6sTPXxEN;https://ipfs.io/ipfs/QmShcu2arnVdqnZC83DjC77Fw7t898VMF6ctJq6sTPXxEN;148834
image_part_022.png;QmcJGeoS15oyDfx7Rz82q21aFY5dDYNttJ6hefDDKmeMzX;https://ipfs.io/ipfs/QmcJGeoS15oyDfx7Rz82q21aFY5dDYNttJ6hefDDKmeMzX;355049
image_part_023.png;QmciDoWqcCacKpp76mqhi7MFS4CBEYsmS1svVHrqqr8ams;https://ipfs.io/ipfs/QmciDoWqcCacKpp76mqhi7MFS4CBEYsmS1svVHrqqr8ams;305530
image_part_006.png;QmScSQjc74aerWBykM3gPs1CA4o647K6MZRHiJk2E3aJWB;https://ipfs.io/ipfs/QmScSQjc74aerWBykM3gPs1CA4o647K6MZRHiJk2E3aJWB;142812
image_part_005.png;QmZj6ohneimmnodeowmDnf9W5y1X5SmnBGU6quAtj1aduJ;https://ipfs.io/ipfs/QmZj6ohneimmnodeowmDnf9W5y1X5SmnBGU6quAtj1aduJ;318765
image_part_004.png;QmVFNbH7dCQksKoNNbdRRqWoB5H3WTxp1s6j9gCQqEvGg3;https://ipfs.io/ipfs/QmVFNbH7dCQksKoNNbdRRqWoB5H3WTxp1s6j9gCQqEvGg3;143708
image_part_021.png;QmNXzc8NfNC5azGE9jFEG34gsjsMgvzR8J6c1mLaiLYQU1;https://ipfs.io/ipfs/QmNXzc8NfNC5azGE9jFEG34gsjsMgvzR8J6c1mLaiLYQU1;382885
image_part_071.png;QmPj9cpVSmDqM5Y6n1B5Dac3CagWDPZmzTHpVQtF6t6rpo;https://ipfs.io/ipfs/QmPj9cpVSmDqM5Y6n1B5Dac3CagWDPZmzTHpVQtF6t6rpo;475429
image_part_070.png;QmQD27DAcpgqyFS2iPSupcRPFf26g1rE4YgmVjQiTxPK76;https://ipfs.io/ipfs/QmQD27DAcpgqyFS2iPSupcRPFf26g1rE4YgmVjQiTxPK76;250130
image_part_054.png;QmXgXr8oYiGs7DkjmHU5mo2RDmz4QKL5PffMznyjHh1yvu;https://ipfs.io/ipfs/QmXgXr8oYiGs7DkjmHU5mo2RDmz4QKL5PffMznyjHh1yvu;184574
image_part_058.png;QmZHjJGJyhjd8mAmaZtSwA7XdnhjWFGbMY1LJchFQrbv7x;https://ipfs.io/ipfs/QmZHjJGJyhjd8mAmaZtSwA7XdnhjWFGbMY1LJchFQrbv7x;448669
image_part_056.png;QmXtejCWkrTwyZNxn1gKH69k7juw5cQ6aRTe2FegyL3jvM;https://ipfs.io/ipfs/QmXtejCWkrTwyZNxn1gKH69k7juw5cQ6aRTe2FegyL3jvM;333153
image_part_057.png;QmcArj9wNQAV8xWFtAjSCMvXW16VaTtXRPhcTX7cXmvEBr;https://ipfs.io/ipfs/QmcArj9wNQAV8xWFtAjSCMvXW16VaTtXRPhcTX7cXmvEBr;368964
image_part_055.png;QmPEegcWtURZLwyZUsS3D1PBUGmQNuoDn4X72As8qrkvDd;https://ipfs.io/ipfs/QmPEegcWtURZLwyZUsS3D1PBUGmQNuoDn4X72As8qrkvDd;393073
image_part_041.png;QmZSnU78dFzwuHYfDWUBfB5enXzTTnYYXezfj12zjhR5pD;https://ipfs.io/ipfs/QmZSnU78dFzwuHYfDWUBfB5enXzTTnYYXezfj12zjhR5pD;100329
image_part_040.png;QmSJLv9QqBmCvvgDWoGjWQe6Q5wjJUpAFJb2JkQj7iaSFk;https://ipfs.io/ipfs/QmSJLv9QqBmCvvgDWoGjWQe6Q5wjJUpAFJb2JkQj7iaSFk;144045
image_part_042.png;QmUht2cuJnsSm4shrHGENPN1aCtqtRADPSYCdei3kjtRMt;https://ipfs.io/ipfs/QmUht2cuJnsSm4shrHGENPN1aCtqtRADPSYCdei3kjtRMt;374334
image_part_090.png;Qme5p4Crp82fzx9bfhciS8exH31UKTUqDYhFW16A6fjFJN;https://ipfs.io/ipfs/Qme5p4Crp82fzx9bfhciS8exH31UKTUqDYhFW16A6fjFJN;780246
image_part_075.png;QmQkjr6AgX3wYM9rUXjHXQmjwgPbkP28dAAfxEi4hhVPFG;https://ipfs.io/ipfs/QmQkjr6AgX3wYM9rUXjHXQmjwgPbkP28dAAfxEi4hhVPFG;569039
image_part_085.png;QmRCJmnn9So3Y5fnYJiu7HGxKDXfywNiz3ug9aUo8KQHs6;https://ipfs.io/ipfs/QmRCJmnn9So3Y5fnYJiu7HGxKDXfywNiz3ug9aUo8KQHs6;248345
image_part_087.png;QmesAAzhoRwmy8Sqy2bDoUN9dQ2YmssC3jRQYHFQMyScD3;https://ipfs.io/ipfs/QmesAAzhoRwmy8Sqy2bDoUN9dQ2YmssC3jRQYHFQMyScD3;683973
image_part_088.png;Qme6A2GL6P34Srkbpc77ym4wkK3igsou3CzpKavubLaKzr;https://ipfs.io/ipfs/Qme6A2GL6P34Srkbpc77ym4wkK3igsou3CzpKavubLaKzr;687442
image_part_086.png;QmW2rPJAuJNFUQiV1Snq7jNHZwSMUwU98tXZQ7fFYRZgwE;https://ipfs.io/ipfs/QmW2rPJAuJNFUQiV1Snq7jNHZwSMUwU98tXZQ7fFYRZgwE;580159
image_part_089.png;QmRuhCKvQHZXuK44NZsEquef7TTHTZsrfvGFVuDkvYCYZw;https://ipfs.io/ipfs/QmRuhCKvQHZXuK44NZsEquef7TTHTZsrfvGFVuDkvYCYZw;734400
image_part_074.png;QmS3V6Fo4oe143ENAQeMAwffxj7MNXtRJwTbers1UYx3Ld;https://ipfs.io/ipfs/QmS3V6Fo4oe143ENAQeMAwffxj7MNXtRJwTbers1UYx3Ld;711809
image_part_072.png;QmagSpcQwFfvXUR4mEqekd8sETLD6HLtNs7myTd5qBG2nA;https://ipfs.io/ipfs/QmagSpcQwFfvXUR4mEqekd8sETLD6HLtNs7myTd5qBG2nA;462713
image_part_073.png;QmWp9H5hGTSd3vFzpxfvfHT8HvTH1X142kwNH7JfpGwSNE;https://ipfs.io/ipfs/QmWp9H5hGTSd3vFzpxfvfHT8HvTH1X142kwNH7JfpGwSNE;532037
image_part_093.png;QmY8nhLbDjQLYhtNJvYdbipZYfpRWrEeanrv3WZawturw6;https://ipfs.io/ipfs/QmY8nhLbDjQLYhtNJvYdbipZYfpRWrEeanrv3WZawturw6;426455
image_part_102.png;QmWmb736cwkwiWarTMZxkeQs7MDTX3gsWdDxfp7DaSV2BZ;https://ipfs.io/ipfs/QmWmb736cwkwiWarTMZxkeQs7MDTX3gsWdDxfp7DaSV2BZ;803717
image_part_101.png;QmWmw3rJzafu6JuoDUAqLkjqTWNEtHJ1122BXT3GV3HZS7;https://ipfs.io/ipfs/QmWmw3rJzafu6JuoDUAqLkjqTWNEtHJ1122BXT3GV3HZS7;505319
image_part_091.png;QmPxj2zVZ8D2y6PA4uq1AS64rVKxt5uZAZFJJLiFAhMyw6;https://ipfs.io/ipfs/QmPxj2zVZ8D2y6PA4uq1AS64rVKxt5uZAZFJJLiFAhMyw6;655411
image_part_092.png;QmVBCw8zrj3DKQQsYezwHycqmF8FnvrfTspcBz8CPiFsqD;https://ipfs.io/ipfs/QmVBCw8zrj3DKQQsYezwHycqmF8FnvrfTspcBz8CPiFsqD;538389
image_part_119.png;QmQHCNZhSqcYGQk5rxNaKZ1cojrRrsahZqfagxkkN9xTjc;https://ipfs.io/ipfs/QmQHCNZhSqcYGQk5rxNaKZ1cojrRrsahZqfagxkkN9xTjc;780998
image_part_116.png;QmNuyEmNQoXmCx3f4kkUNmNEf8ZGJqgU9QHduQDLfjqpWC;https://ipfs.io/ipfs/QmNuyEmNQoXmCx3f4kkUNmNEf8ZGJqgU9QHduQDLfjqpWC;168514
image_part_106.png;QmYw6xWTa1H6iQMEHSRDWSG5VTRf5TY1SLG2DGs1YrSfJT;https://ipfs.io/ipfs/QmYw6xWTa1H6iQMEHSRDWSG5VTRf5TY1SLG2DGs1YrSfJT;733338
image_part_108.png;QmarDfC3rybZcnabiCGg5q93ZE1ZowJVm2WcduHdaTnXCX;https://ipfs.io/ipfs/QmarDfC3rybZcnabiCGg5q93ZE1ZowJVm2WcduHdaTnXCX;243080
image_part_117.png;QmP5hxJfPh6rdo7DX1ws12hxrrdpvbN8CtesMzMdJbyFYU;https://ipfs.io/ipfs/QmP5hxJfPh6rdo7DX1ws12hxrrdpvbN8CtesMzMdJbyFYU;545122
image_part_118.png;QmPNjYS6pdjZdmajR8u5nCZyPq8nq134tjHp3urZTAYn7w;https://ipfs.io/ipfs/QmPNjYS6pdjZdmajR8u5nCZyPq8nq134tjHp3urZTAYn7w;685807
image_part_107.png;QmbPgGrUBWKgTq7c2dH2cGCsxFnfUM77AegYUKhePvk7Nf;https://ipfs.io/ipfs/QmbPgGrUBWKgTq7c2dH2cGCsxFnfUM77AegYUKhePvk7Nf;648348
image_part_103.png;QmbLRH3gMnCsPkscgiubbcSzmfS2bUdMxCA82m8VL3m6iv;https://ipfs.io/ipfs/QmbLRH3gMnCsPkscgiubbcSzmfS2bUdMxCA82m8VL3m6iv;791847
image_part_104.png;QmWVbiwUSTWzqvTHE8jAPQ58drBPjtsQs196Sjjp6pMfYq;https://ipfs.io/ipfs/QmWVbiwUSTWzqvTHE8jAPQ58drBPjtsQs196Sjjp6pMfYq;825511
image_part_105.png;QmdKb9eom2baAHTuRD33nPnw342FUsZQ3yasnWrWYgfVPv;https://ipfs.io/ipfs/QmdKb9eom2baAHTuRD33nPnw342FUsZQ3yasnWrWYgfVPv;748392
image_part_123.png;QmezDxTj1K7Rdzseik92SB3o2TqWBiu3ENT6EvZPYaesmb;https://ipfs.io/ipfs/QmezDxTj1K7Rdzseik92SB3o2TqWBiu3ENT6EvZPYaesmb;411845
image_part_122.png;QmeYQnvwSMsQZ4W6Tky3dBiWcuNnXrYK8E4tEinMm54gCA;https://ipfs.io/ipfs/QmeYQnvwSMsQZ4W6Tky3dBiWcuNnXrYK8E4tEinMm54gCA;764631
image_part_133.png;QmSgJvVy3pRF6N7AkgAtDFjuKbr2AHfVN3KbUnTSKKyw23;https://ipfs.io/ipfs/QmSgJvVy3pRF6N7AkgAtDFjuKbr2AHfVN3KbUnTSKKyw23;646104
image_part_120.png;QmNSiDT8d1WE7LEanUNbwhR8T53ChD7ZH9g7fHvpWj8Kew;https://ipfs.io/ipfs/QmNSiDT8d1WE7LEanUNbwhR8T53ChD7ZH9g7fHvpWj8Kew;827616
image_part_121.png;QmTUJWJXa5jZayQA2xQhFMs2vHkbPbNiAEbGhAGmkjFB1j;https://ipfs.io/ipfs/QmTUJWJXa5jZayQA2xQhFMs2vHkbPbNiAEbGhAGmkjFB1j;823212
image_part_138.png;QmZnLCdwSJMWYHy5zGPsBUA3RkiUuvUbQpEAR9Vo4mdZ5p;https://ipfs.io/ipfs/QmZnLCdwSJMWYHy5zGPsBUA3RkiUuvUbQpEAR9Vo4mdZ5p;454575
image_part_136.png;QmSihiAU8DsrBBQnZ2vJayaHYZ22aopPZhxeMjy5XRJCxn;https://ipfs.io/ipfs/QmSihiAU8DsrBBQnZ2vJayaHYZ22aopPZhxeMjy5XRJCxn;591273
image_part_137.png;QmUanA7cSbbaUQBBCAmZ3V9utbugw6NctovSt2H4nn7vZz;https://ipfs.io/ipfs/QmUanA7cSbbaUQBBCAmZ3V9utbugw6NctovSt2H4nn7vZz;618113
image_part_135.png;QmWbdvJs9o1QMwFrcLjYi9YYL2ZhxzRraNGc6G4zQJrYXE;https://ipfs.io/ipfs/QmWbdvJs9o1QMwFrcLjYi9YYL2ZhxzRraNGc6G4zQJrYXE;687805
image_part_134.png;QmVyLx7mMQzqa7fAbg9QW8NTvoGRMLgsTgTWqYXUARYae1;https://ipfs.io/ipfs/QmVyLx7mMQzqa7fAbg9QW8NTvoGRMLgsTgTWqYXUARYae1;688515
image_part_142.png;QmPgu8H3Lw5xqyjRuAGovK3PMcgVQpGQYGTGB7dHdQceww;https://ipfs.io/ipfs/QmPgu8H3Lw5xqyjRuAGovK3PMcgVQpGQYGTGB7dHdQceww;147618
image_part_141.png;QmP5qK2iaJdfZooTS9nCnRXZNrbp3NE97VW3xsSQiykBqb;https://ipfs.io/ipfs/QmP5qK2iaJdfZooTS9nCnRXZNrbp3NE97VW3xsSQiykBqb;102074
image_part_150.png;QmaDVNPDeKjRi9oLQiTem9AJJrmgHgQjh82JVRoztBDCey;https://ipfs.io/ipfs/QmaDVNPDeKjRi9oLQiTem9AJJrmgHgQjh82JVRoztBDCey;675976
image_part_149.png;QmQpo5ZPGSYy8sgyu5A64no11J5A9osjwSo3NqgRa3yLyv;https://ipfs.io/ipfs/QmQpo5ZPGSYy8sgyu5A64no11J5A9osjwSo3NqgRa3yLyv;228196
image_part_139.png;QmQXvQvVNww29FkCeWd67i51Eg6umqaxcr23X9rDwcGcBo;https://ipfs.io/ipfs/QmQXvQvVNww29FkCeWd67i51Eg6umqaxcr23X9rDwcGcBo;541863
image_part_153.png;QmUv59cXn4jWPxycYTg4sX3PCbTFhAHkk5FgDEso4ZsoBd;https://ipfs.io/ipfs/QmUv59cXn4jWPxycYTg4sX3PCbTFhAHkk5FgDEso4ZsoBd;760577
image_part_151.png;QmYsv7xYRkAzYNXmRhhMojrAhFbFb3AemikHXYAMx3wZCR;https://ipfs.io/ipfs/QmYsv7xYRkAzYNXmRhhMojrAhFbFb3AemikHXYAMx3wZCR;661946
image_part_152.png;QmWnu97shXqVN7XhA7ByAbGuq19K8SoCNDeUU6P333afS1;https://ipfs.io/ipfs/QmWnu97shXqVN7XhA7ByAbGuq19K8SoCNDeUU6P333afS1;753284
image_part_154.png;QmYLxAziU7dEPuq76EFB9QLXngC4aPFouhxYkU6hFSDN6H;https://ipfs.io/ipfs/QmYLxAziU7dEPuq76EFB9QLXngC4aPFouhxYkU6hFSDN6H;692690
image_part_155.png;QmYZb11WP7MNf13yAUf4FkHuXj9ktdxqSocJKqhaB35jKS;https://ipfs.io/ipfs/QmYZb11WP7MNf13yAUf4FkHuXj9ktdxqSocJKqhaB35jKS;687607
image_part_158.png;QmQNjUy5TvWUzWu6WWN7zHxmkttcCW4duVwvG7NQDeF1hH;https://ipfs.io/ipfs/QmQNjUy5TvWUzWu6WWN7zHxmkttcCW4duVwvG7NQDeF1hH;300989
image_part_169.png;QmSM7qb9gdkmBudGYZjeQkePcKK4mkV1mengkfECuTey1c;https://ipfs.io/ipfs/QmSM7qb9gdkmBudGYZjeQkePcKK4mkV1mengkfECuTey1c;616144
image_part_156.png;QmdZ9ixbwQwNohPxTEbWGTzhykyDdA4bGUWDmGCj5Q4yZg;https://ipfs.io/ipfs/QmdZ9ixbwQwNohPxTEbWGTzhykyDdA4bGUWDmGCj5Q4yZg;527438
image_part_157.png;QmPYKTnFoWVNw3iD4EdsvF8eFfppefR8esinPjWNoTYbzS;https://ipfs.io/ipfs/QmPYKTnFoWVNw3iD4EdsvF8eFfppefR8esinPjWNoTYbzS;377670
image_part_167.png;Qme5HBhvMLD2FBsYbUUF24KZszKvq7nFHFCi1u2r16Aq99;https://ipfs.io/ipfs/Qme5HBhvMLD2FBsYbUUF24KZszKvq7nFHFCi1u2r16Aq99;539294
image_part_168.png;QmVRVNU5CtRWrBBcAwHHcrqfxJsJhxqFRmZajjvbH7MCRT;https://ipfs.io/ipfs/QmVRVNU5CtRWrBBcAwHHcrqfxJsJhxqFRmZajjvbH7MCRT;501181
image_part_166.png;QmVTu8vGEo1HJL2Gacoro9xy8FHgXV1he4Tj7ERkNCsum4;https://ipfs.io/ipfs/QmVTu8vGEo1HJL2Gacoro9xy8FHgXV1he4Tj7ERkNCsum4;578585
image_part_173.png;QmUBrSuT7kNgwTEmPtciwmaFn4pCpvCfTnUUcsmhYpfEEL;https://ipfs.io/ipfs/QmUBrSuT7kNgwTEmPtciwmaFn4pCpvCfTnUUcsmhYpfEEL;612261
image_part_170.png;QmVKDARrpvjqq71jUxVXZfLp16CDDKCEV9JPrRQeu86vWD;https://ipfs.io/ipfs/QmVKDARrpvjqq71jUxVXZfLp16CDDKCEV9JPrRQeu86vWD;641833
image_part_183.png;QmSMPbZP5GhrWYF1qxjP1ogPmmGeNYJCriCGDi4yMYCG1n;https://ipfs.io/ipfs/QmSMPbZP5GhrWYF1qxjP1ogPmmGeNYJCriCGDi4yMYCG1n;404064
image_part_171.png;QmchoiQr9xdGsuNgMNWpJ9zzjf56HuyPLNqQX7nyGe638j;https://ipfs.io/ipfs/QmchoiQr9xdGsuNgMNWpJ9zzjf56HuyPLNqQX7nyGe638j;730922
image_part_181.png;Qmf8QEkXSjn7upcDPpNBTEpqt6C47rZB1W3eR42qX2zduo;https://ipfs.io/ipfs/Qmf8QEkXSjn7upcDPpNBTEpqt6C47rZB1W3eR42qX2zduo;151919
image_part_182.png;QmSNEmMEBFwZd53mLB8ippm49kVHFT4xdT1tdcmPnJ71u7;https://ipfs.io/ipfs/QmSNEmMEBFwZd53mLB8ippm49kVHFT4xdT1tdcmPnJ71u7;565815
image_part_172.png;QmWm5c8cKa38VSmnB4oDKtATmia4wauU7Dm3dchP5pm7dY;https://ipfs.io/ipfs/QmWm5c8cKa38VSmnB4oDKtATmia4wauU7Dm3dchP5pm7dY;537966
image_part_188.png;QmTzjzLAfRn3FGfNijCXJYAtgvafWiDTFrWWURpdrGkC4W;https://ipfs.io/ipfs/QmTzjzLAfRn3FGfNijCXJYAtgvafWiDTFrWWURpdrGkC4W;201826
image_part_187.png;QmWP7qSgJsk5RarD5gGucbM3cCWrrd5UTzJTh8yyhatuGc;https://ipfs.io/ipfs/QmWP7qSgJsk5RarD5gGucbM3cCWrrd5UTzJTh8yyhatuGc;183790
image_part_186.png;QmV78o4PJPKdRsH2npBBiXDqT5Bwfsrz6vDZwX4RanqJtN;https://ipfs.io/ipfs/QmV78o4PJPKdRsH2npBBiXDqT5Bwfsrz6vDZwX4RanqJtN;258959
image_part_185.png;QmPpo4v2U6nAMVumDKixR7yxAvpFxereFxkRVFk3xvPjaD;https://ipfs.io/ipfs/QmPpo4v2U6nAMVumDKixR7yxAvpFxereFxkRVFk3xvPjaD;392918
image_part_184.png;Qmb4w5szEQM6kqP2uKcJhJXVSgX4uLKUAsfrAnXCHLt5M4;https://ipfs.io/ipfs/Qmb4w5szEQM6kqP2uKcJhJXVSgX4uLKUAsfrAnXCHLt5M4;394504
image_part_196.png;Qmcde3vJnLbhc67bZoZXwDzDtECZHMdtd6bRrfrXGrU4GQ;https://ipfs.io/ipfs/Qmcde3vJnLbhc67bZoZXwDzDtECZHMdtd6bRrfrXGrU4GQ;69843
image_part_198.png;QmQygGuUFyviEyZMaxRGBwD8gsNgcBVAHyvndGSm5oQxqb;https://ipfs.io/ipfs/QmQygGuUFyviEyZMaxRGBwD8gsNgcBVAHyvndGSm5oQxqb;531126
image_part_189.png;QmWjinjRdwBpd5vqUqMGJwEcV42X3NfzG4CD8iUVrNfWW2;https://ipfs.io/ipfs/QmWjinjRdwBpd5vqUqMGJwEcV42X3NfzG4CD8iUVrNfWW2;310565
image_part_199.png;QmYf7xq5c1oDtrzcqZ5TDMZkjD5Kia6jSCw4zz6uboU9Jk;https://ipfs.io/ipfs/QmYf7xq5c1oDtrzcqZ5TDMZkjD5Kia6jSCw4zz6uboU9Jk;408429
image_part_197.png;QmaRDuKLWkdbK3rPfckqGisHBXPHGdyrE663ZVkpEUJeKZ;https://ipfs.io/ipfs/QmaRDuKLWkdbK3rPfckqGisHBXPHGdyrE663ZVkpEUJeKZ;227893
image_part_202.png;QmP49NGWb4FfnMZX28XL7mdaS7MRxEG7wmVdFeca414MFT;https://ipfs.io/ipfs/QmP49NGWb4FfnMZX28XL7mdaS7MRxEG7wmVdFeca414MFT;164520
image_part_215.png;QmPCUcJPWz279rHxKMJG38J4LS3vgJ5Ybd691npvqLNH3q;https://ipfs.io/ipfs/QmPCUcJPWz279rHxKMJG38J4LS3vgJ5Ybd691npvqLNH3q;549633
image_part_216.png;QmNe3diKdSPggc24bFLth18nrQD9QFDxr4FTbPmN6JZobq;https://ipfs.io/ipfs/QmNe3diKdSPggc24bFLth18nrQD9QFDxr4FTbPmN6JZobq;331416
image_part_200.png;QmSpf8hkwNCFQWyFjzVtwzFEEdBE2GMvEmXTZBx1iAWDR6;https://ipfs.io/ipfs/QmSpf8hkwNCFQWyFjzVtwzFEEdBE2GMvEmXTZBx1iAWDR6;584716
image_part_201.png;Qmde57h3sepaoU4JKcJ9HgRiLggDBeq47SPYcCnhvT8WLV;https://ipfs.io/ipfs/Qmde57h3sepaoU4JKcJ9HgRiLggDBeq47SPYcCnhvT8WLV;425929
image_part_248.png;QmSerQxnx91Qk6D5SWuLbZgU3x5b5fTRmrULpu5xciBGxr;https://ipfs.io/ipfs/QmSerQxnx91Qk6D5SWuLbZgU3x5b5fTRmrULpu5xciBGxr;143065
image_part_218.png;QmXCcAgPirnbuP93Fxhrk2Cpn1dEc49G7w76xoaAuTu97A;https://ipfs.io/ipfs/QmXCcAgPirnbuP93Fxhrk2Cpn1dEc49G7w76xoaAuTu97A;233293
image_part_231.png;QmXWeA9HNDFRrta4W8Jhny4ztEeYgVvAw8wqgLUTTNVWvm;https://ipfs.io/ipfs/QmXWeA9HNDFRrta4W8Jhny4ztEeYgVvAw8wqgLUTTNVWvm;425270
image_part_217.png;QmUFq2qSEJTUgeypzhUxx1kyiP7QNh4KmDP8cDhYS2jGqs;https://ipfs.io/ipfs/QmUFq2qSEJTUgeypzhUxx1kyiP7QNh4KmDP8cDhYS2jGqs;301182
image_part_233.png;Qmb1RJQyfLvQrf2uaEsBLuT88N14b4MxphUSuWzDC7dBwn;https://ipfs.io/ipfs/Qmb1RJQyfLvQrf2uaEsBLuT88N14b4MxphUSuWzDC7dBwn;258855
image_part_232.png;QmbdQFX8fTocWkxpEqPDcZFMoRBayafxakE4vLVuiWCqQc;https://ipfs.io/ipfs/QmbdQFX8fTocWkxpEqPDcZFMoRBayafxakE4vLVuiWCqQc;357763